Order-Id,Item-id,Product-Id,Quantity,Sales-Id,Customer-Id,Sales-Price-Per-Prod,Market-Segment
0,0,12,15,6,22,105,financial
1,1,16,25,3,3,160,education
2,2,11,7,3,27,97,software
3,3,13,22,7,19,110,financial
4,4,12,20,3,25,90,education
5,5,19,26,5,5,119,pharmaceutical
6,6,3,24,2,19,197,financial
7,7,1,29,9,2,186,realestate
8,8,3,24,6,6,174,education
9,9,2,2,2,12,217,pharmaceutical
10,10,12,12,5,20,109,realestate
11,11,13,20,1,1,112,software
12,12,14,16,3,5,186,realestate
13,13,15,27,6,11,205,realestate
14,14,19,18,2,0,100,pharmaceutical
15,15,9,28,3,20,51,realestate
16,16,1,27,7,24,179,software
17,17,1,24,4,14,164,software
18,18,3,21,5,25,194,education
19,19,4,7,5,11,144,realestate
20,20,14,6,3,28,199,software
21,21,1,12,9,8,235,realestate
22,22,15,11,7,0,194,pharmaceutical
23,23,11,22,4,10,106,pharmaceutical
24,24,10,7,4,11,126,financial
25,25,2,2,5,10,203,education
26,26,3,4,8,23,191,realestate
27,27,8,9,9,15,175,realestate
28,28,4,17,4,23,174,education
29,29,12,21,3,6,101,software
30,30,5,9,8,7,109,pharmaceutical
31,31,5,3,6,6,101,pharmaceutical
32,32,8,3,1,9,176,education
33,33,19,15,4,14,119,education
34,34,13,21,9,7,125,realestate
35,35,8,23,9,29,116,software
36,36,17,18,5,8,205,realestate
37,37,10,14,1,28,101,retail
38,38,11,20,9,24,138,pharmaceutical
39,39,18,9,6,8,80,realestate
40,40,3,16,8,26,210,retail
41,41,14,5,9,28,183,software
42,42,1,25,7,7,166,software
43,43,8,9,6,12,203,retail
44,44,0,2,1,14,119,software
45,45,7,29,1,22,131,education
46,46,9,13,4,1,100,retail
47,47,4,16,7,19,130,software
48,48,10,18,2,7,138,pharmaceutical
49,49,14,26,0,10,181,software
50,50,19,8,2,21,87,software
51,51,4,15,1,14,162,retail
52,52,2,12,6,29,205,realestate
53,53,3,8,2,0,179,retail
54,54,17,20,8,21,204,retail
55,55,8,21,3,2,178,education
56,56,0,12,9,20,121,education
57,57,11,27,4,6,125,education
58,58,15,17,5,25,209,education
59,59,18,8,7,12,97,retail
60,60,15,29,0,17,202,education
61,61,3,16,5,25,185,realestate
62,62,9,22,7,11,54,retail
63,63,6,18,6,10,49,software
64,64,15,6,2,20,199,retail
65,65,15,20,5,3,219,realestate
66,66,15,25,5,25,193,education
67,67,10,6,1,16,156,pharmaceutical
68,68,1,19,1,9,170,software
69,69,8,6,5,10,157,software
70,70,16,17,0,18,157,realestate
71,71,0,25,2,16,123,pharmaceutical
72,72,11,5,3,19,126,realestate
73,73,5,12,5,15,105,pharmaceutical
74,74,16,14,9,25,150,financial
75,75,19,27,2,2,73,realestate
76,76,3,11,9,22,171,education
77,77,9,16,9,22,47,financial
78,78,17,7,0,29,201,retail
79,79,16,10,9,20,162,pharmaceutical
80,80,7,27,9,13,153,software
81,81,19,21,3,28,110,education
82,82,8,12,1,25,140,realestate
83,83,1,29,3,13,168,retail
84,84,7,17,0,4,163,software
85,85,0,17,6,16,122,software
86,86,2,14,2,5,203,pharmaceutical
87,87,8,14,8,12,173,software
88,88,7,9,5,12,123,education
89,89,13,29,9,9,101,software
90,90,1,14,2,1,197,education
91,91,2,15,9,6,205,realestate
92,92,11,11,4,26,126,education
93,93,17,2,5,12,189,realestate
94,94,13,25,0,14,141,realestate
95,95,11,27,4,24,109,software
96,96,0,19,6,15,121,retail
97,97,5,11,6,11,127,retail
98,98,13,21,4,12,128,pharmaceutical
99,99,14,27,1,4,195,retail
100,100,5,23,2,2,134,software
101,101,16,8,1,3,158,financial
102,102,18,13,2,10,82,financial
103,103,18,3,9,7,78,retail
104,104,11,20,2,12,133,realestate
105,105,19,2,2,3,90,realestate
106,106,3,24,9,18,179,retail
107,107,9,11,6,19,51,retail
108,108,18,6,6,11,96,financial
109,109,17,22,2,0,199,software
110,110,18,21,7,3,62,realestate
111,111,14,29,7,16,185,software
112,112,6,9,2,19,38,financial
113,113,0,2,7,8,120,retail
114,114,12,20,8,13,104,realestate
115,115,1,6,7,19,202,pharmaceutical
116,116,2,1,5,8,205,financial
117,117,7,17,5,29,128,pharmaceutical
118,118,5,29,5,17,118,education
119,119,14,3,0,17,186,realestate
120,120,12,19,7,25,78,pharmaceutical
121,121,16,29,9,1,152,realestate
122,122,15,23,4,5,185,software
123,123,11,25,1,19,115,financial
124,124,1,7,8,24,155,software
125,125,11,1,5,21,102,financial
126,126,8,1,2,22,136,software
127,127,7,20,0,17,166,software
128,128,16,11,4,20,155,pharmaceutical
129,129,2,23,5,3,211,realestate
130,130,10,22,4,7,122,retail
131,131,9,29,5,25,62,retail
132,132,16,23,3,5,153,realestate
133,133,4,6,3,12,191,software
134,134,0,21,3,15,120,education
135,135,18,13,4,29,67,retail
136,136,6,24,2,7,80,software
137,137,0,5,8,27,121,retail
138,138,0,14,1,12,123,software
139,139,10,7,5,15,147,pharmaceutical
140,140,13,11,1,17,102,software
141,141,10,13,8,23,102,education
142,142,13,26,8,19,88,financial
143,143,14,25,1,3,181,retail
144,144,1,12,8,15,191,software
145,145,13,26,7,5,112,realestate
146,146,1,8,1,17,225,financial
147,147,14,18,6,13,186,realestate
148,148,14,3,2,22,182,financial
149,149,12,13,4,16,103,retail
150,150,15,9,3,23,216,retail
151,151,4,6,9,8,151,realestate
152,152,3,22,5,6,193,realestate
153,153,12,14,8,19,87,software
154,154,15,15,6,7,194,financial
155,155,13,29,1,8,121,pharmaceutical
156,156,6,28,7,3,62,education
157,157,16,26,7,12,146,retail
158,158,3,0,7,22,217,realestate
159,159,0,9,2,2,121,education
160,160,7,23,8,17,146,education
161,161,12,24,8,20,87,software
162,162,8,10,3,8,165,financial
163,163,13,22,8,2,99,retail
164,164,9,25,0,27,83,retail
165,165,16,9,8,18,147,financial
166,166,2,18,4,10,210,software
167,167,10,26,7,28,155,retail
168,168,1,22,5,5,235,software
169,169,0,25,9,16,123,financial
170,170,17,1,4,27,198,realestate
171,171,14,20,2,0,196,financial
172,172,9,11,1,24,57,software
173,173,4,7,4,17,166,pharmaceutical
174,174,5,2,7,21,113,education
175,175,19,2,1,21,86,software
176,176,16,11,3,7,161,software
177,177,6,1,0,8,76,financial
178,178,0,0,0,11,119,education
179,179,4,16,4,23,172,education
180,180,15,12,8,13,215,retail
181,181,9,5,9,8,78,realestate
182,182,10,20,5,28,117,retail
183,183,8,25,6,24,115,financial
184,184,19,17,5,25,90,education
185,185,18,10,8,6,100,pharmaceutical
186,186,10,6,6,23,91,retail
187,187,8,0,6,24,193,pharmaceutical
188,188,5,6,6,24,94,retail
189,189,9,1,9,8,60,education
190,190,13,26,0,22,122,software
191,191,4,4,4,13,171,pharmaceutical
192,192,4,28,3,20,168,pharmaceutical
193,193,17,25,4,9,202,software
194,194,10,3,4,10,127,financial
195,195,16,15,3,19,161,financial
196,196,6,3,7,17,58,education
197,197,1,27,1,19,208,financial
198,198,13,17,0,4,115,realestate
199,199,19,4,8,8,95,retail
200,200,8,15,1,15,134,financial
201,201,19,10,1,22,87,education
202,202,11,8,8,21,94,retail
203,203,10,21,8,20,152,retail
204,204,0,0,1,16,123,software
205,205,17,29,1,12,189,software
206,206,10,5,7,8,122,pharmaceutical
207,207,11,3,7,18,110,retail
208,208,12,8,9,12,95,pharmaceutical
209,209,19,14,6,2,110,education
210,210,5,29,9,26,117,pharmaceutical
211,211,13,17,4,3,117,realestate
212,212,9,14,0,7,63,realestate
213,213,3,27,1,23,176,financial
214,214,9,0,7,4,67,retail
215,215,3,17,4,3,198,education
216,216,13,26,7,20,126,financial
217,217,0,9,6,29,123,realestate
218,218,8,9,9,5,144,retail
219,219,9,12,6,29,85,pharmaceutical
220,220,2,4,8,12,216,retail
221,221,14,10,9,11,188,education
222,222,3,5,4,8,174,retail
223,223,3,18,6,5,206,education
224,224,16,12,3,15,160,financial
225,225,15,3,9,14,179,retail
226,226,15,28,7,18,184,software
227,227,17,0,6,20,195,retail
228,228,15,21,7,6,198,financial
229,229,14,24,8,26,187,software
230,230,8,9,6,24,196,software
231,231,5,19,5,12,120,realestate
232,232,18,27,8,9,55,education
233,233,5,29,2,2,134,education
234,234,6,12,7,6,64,software
235,235,5,0,4,18,112,retail
236,236,4,17,3,16,183,financial
237,237,18,17,1,8,77,education
238,238,9,8,3,25,95,software
239,239,4,24,3,14,146,education
240,240,1,0,2,23,188,pharmaceutical
241,241,4,25,2,16,171,realestate
242,242,8,14,1,6,188,financial
243,243,3,7,6,21,210,pharmaceutical
244,244,16,18,9,18,161,financial
245,245,8,17,8,28,143,software
246,246,10,4,9,16,153,realestate
247,247,9,19,3,22,103,education
248,248,17,5,7,4,193,pharmaceutical
249,249,11,24,3,6,124,software
250,250,18,0,2,19,98,financial
251,251,11,25,6,26,116,education
252,252,1,8,2,18,166,financial
253,253,17,11,8,6,198,software
254,254,16,28,1,7,155,realestate
255,255,11,23,0,9,102,realestate
256,256,3,7,4,14,194,financial
257,257,0,25,2,25,123,pharmaceutical
258,258,9,18,2,10,45,financial
259,259,1,17,3,0,207,education
260,260,2,12,2,27,213,education
261,261,16,0,3,18,146,software
262,262,15,8,4,29,195,financial
263,263,0,15,8,16,121,retail
264,264,0,27,8,13,123,retail
265,265,11,17,9,1,134,software
266,266,18,22,4,3,97,realestate
267,267,19,12,7,0,110,education
268,268,19,2,8,7,86,realestate
269,269,14,25,2,9,197,financial
270,270,1,18,0,15,192,realestate
271,271,3,8,1,16,176,realestate
272,272,15,14,6,4,215,realestate
273,273,17,27,5,24,200,financial
274,274,1,2,3,2,208,financial
275,275,17,15,9,23,192,education
276,276,12,11,9,25,103,education
277,277,4,19,2,18,180,education
278,278,13,19,1,16,139,financial
279,279,17,21,5,10,205,pharmaceutical
280,280,2,13,6,6,214,financial
281,281,3,23,1,22,208,pharmaceutical
282,282,6,29,3,19,81,education
283,283,2,3,7,12,203,software
284,284,18,11,9,0,82,retail
285,285,9,2,1,5,50,software
286,286,12,12,0,27,106,realestate
287,287,18,27,4,0,94,education
288,288,0,8,5,13,120,pharmaceutical
289,289,2,18,4,29,207,realestate
290,290,6,1,8,15,84,financial
291,291,2,4,9,3,199,pharmaceutical
292,292,16,16,9,20,153,education
293,293,7,29,9,26,137,realestate
294,294,19,27,3,26,94,education
295,295,7,25,3,13,164,education
296,296,10,11,4,13,137,pharmaceutical
297,297,11,20,7,1,123,financial
298,298,11,23,5,15,112,retail
299,299,16,0,8,4,155,realestate
300,300,19,25,9,16,99,financial
301,301,10,1,2,14,150,software
302,302,6,25,5,9,74,education
303,303,4,11,7,28,143,software
304,304,9,15,9,23,89,financial
305,305,10,12,5,25,117,realestate
306,306,12,16,3,12,107,retail
307,307,7,22,8,24,157,education
308,308,14,5,5,23,180,education
309,309,14,20,4,21,193,pharmaceutical
310,310,14,17,6,19,187,financial
311,311,17,13,2,19,191,software
312,312,9,14,6,10,98,financial
313,313,0,27,5,4,122,education
314,314,4,29,0,17,175,education
315,315,7,25,8,17,161,financial
316,316,2,26,1,20,202,realestate
317,317,16,5,7,12,148,software
318,318,0,22,8,17,119,software
319,319,10,17,7,3,105,retail
320,320,8,13,2,15,204,realestate
321,321,15,22,5,26,183,pharmaceutical
322,322,19,21,9,9,82,realestate
323,323,2,10,6,11,218,financial
324,324,18,20,3,20,102,software
325,325,14,18,4,22,180,realestate
326,326,7,26,4,20,120,realestate
327,327,8,23,2,2,113,software
328,328,3,24,2,26,205,realestate
329,329,18,18,6,29,72,retail
330,330,5,3,6,18,98,pharmaceutical
331,331,13,5,0,6,122,financial
332,332,19,14,4,13,82,retail
333,333,17,21,4,9,188,education
334,334,13,18,0,21,114,pharmaceutical
335,335,6,24,0,5,71,education
336,336,0,28,4,11,123,realestate
337,337,3,1,2,12,203,retail
338,338,17,3,3,29,190,education
339,339,10,14,4,28,148,financial
340,340,1,25,1,12,227,financial
341,341,3,12,9,13,193,pharmaceutical
342,342,2,12,3,12,207,retail
343,343,19,11,6,26,87,retail
344,344,6,2,5,28,74,realestate
345,345,15,17,7,8,206,retail
346,346,10,29,7,2,154,financial
347,347,9,17,6,25,98,software
348,348,12,9,9,5,87,financial
349,349,15,12,5,15,191,retail
350,350,7,4,7,18,133,education
351,351,0,25,8,20,120,software
352,352,11,17,2,4,114,retail
353,353,18,18,4,4,67,software
354,354,12,13,9,2,108,software
355,355,13,22,4,18,105,pharmaceutical
356,356,11,17,0,9,136,education
357,357,9,13,4,28,97,retail
358,358,8,0,5,20,136,retail
359,359,13,25,1,22,146,retail
360,360,16,13,0,15,161,retail
361,361,8,1,8,28,177,financial
362,362,0,19,8,17,123,pharmaceutical
363,363,1,22,7,6,159,education
364,364,7,26,4,16,159,retail
365,365,8,28,5,14,164,realestate
366,366,2,26,3,15,199,retail
367,367,11,4,3,18,136,realestate
368,368,19,8,9,27,75,education
369,369,16,7,7,7,154,education
370,370,3,5,1,1,189,software
371,371,13,28,3,21,104,software
372,372,1,3,5,29,181,realestate
373,373,11,15,9,1,107,education
374,374,9,28,5,10,105,financial
375,375,16,19,3,24,147,financial
376,376,8,22,9,18,131,financial
377,377,2,17,8,7,202,financial
378,378,15,19,2,12,182,education
379,379,4,7,8,27,134,retail
380,380,11,20,0,28,105,retail
381,381,5,8,0,22,133,pharmaceutical
382,382,14,20,6,21,187,retail
383,383,19,16,5,18,112,software
384,384,4,28,4,14,142,education
385,385,14,1,4,17,181,realestate
386,386,10,15,6,0,153,realestate
387,387,17,17,4,24,188,software
388,388,7,7,7,10,131,pharmaceutical
389,389,17,20,0,14,193,education
390,390,5,22,5,19,127,pharmaceutical
391,391,10,28,6,6,118,education
392,392,13,18,8,6,132,software
393,393,18,8,3,8,102,financial
394,394,0,9,8,2,120,retail
395,395,0,9,6,16,122,pharmaceutical
396,396,12,8,7,23,99,realestate
397,397,14,2,9,0,180,realestate
398,398,8,9,9,18,198,software
399,399,5,16,0,3,111,realestate
400,400,11,18,6,21,105,education
401,401,14,16,5,12,189,education
402,402,0,6,3,28,119,financial
403,403,12,25,7,13,80,education
404,404,14,1,1,26,179,retail
405,405,4,19,0,2,161,financial
406,406,17,23,2,24,187,software
407,407,15,4,3,26,201,retail
408,408,4,21,0,1,133,retail
409,409,18,10,7,12,65,financial
410,410,3,23,0,8,166,realestate
411,411,4,24,9,6,160,pharmaceutical
412,412,5,7,0,3,96,realestate
413,413,10,17,8,12,124,realestate
414,414,12,6,0,9,105,software
415,415,6,4,9,6,60,realestate
416,416,4,17,2,24,144,pharmaceutical
417,417,1,16,5,16,227,software
418,418,7,16,2,15,131,retail
419,419,4,21,4,13,186,software
420,420,2,25,1,26,201,education
421,421,6,19,5,7,82,realestate
422,422,14,6,0,2,179,retail
423,423,9,20,9,29,89,education
424,424,5,26,6,1,94,software
425,425,10,8,7,0,152,software
426,426,4,27,1,2,175,retail
427,427,3,12,9,27,169,education
428,428,4,13,2,15,148,education
429,429,13,21,2,17,88,retail
430,430,7,23,5,14,119,realestate
431,431,13,18,8,15,90,realestate
432,432,8,21,9,1,119,financial
433,433,15,7,0,26,200,education
434,434,14,14,6,0,188,realestate
435,435,8,10,0,9,114,pharmaceutical
436,436,8,9,5,5,163,retail
437,437,17,2,1,10,204,software
438,438,1,13,1,1,213,retail
439,439,6,20,1,9,41,retail
440,440,1,15,1,22,215,education
441,441,0,16,0,12,122,pharmaceutical
442,442,9,8,2,15,64,pharmaceutical
443,443,14,25,6,0,183,realestate
444,444,17,14,5,25,191,realestate
445,445,3,21,0,20,177,retail
446,446,17,12,3,5,186,education
447,447,16,21,5,5,146,retail
448,448,7,12,8,13,139,pharmaceutical
449,449,18,16,1,24,51,pharmaceutical
450,450,7,2,7,22,167,education
451,451,13,4,5,3,123,realestate
452,452,0,22,3,29,120,realestate
453,453,3,10,7,8,180,software
454,454,16,11,9,11,158,education
455,455,8,22,8,1,180,realestate
456,456,13,1,7,3,111,software
457,457,1,7,8,11,200,realestate
458,458,14,18,2,1,196,retail
459,459,1,10,3,27,190,software
460,460,9,14,9,17,92,financial
461,461,9,27,1,0,80,software
462,462,15,3,8,6,205,financial
463,463,18,10,4,27,73,education
464,464,14,12,6,18,180,pharmaceutical
465,465,0,15,6,27,121,financial
466,466,15,29,1,15,209,education
467,467,4,23,0,29,157,financial
468,468,11,29,6,8,113,financial
469,469,4,7,4,25,163,retail
470,470,14,29,1,8,182,realestate
471,471,11,6,8,8,137,realestate
472,472,17,8,2,27,204,pharmaceutical
473,473,18,15,1,9,96,financial
474,474,15,10,6,27,217,software
475,475,5,8,8,18,122,realestate
476,476,8,6,8,2,136,financial
477,477,8,4,6,18,148,education
478,478,2,22,2,24,205,education
479,479,18,25,3,2,65,pharmaceutical
480,480,0,28,3,17,122,retail
481,481,16,21,1,2,157,realestate
482,482,0,11,7,7,120,education
483,483,9,5,1,17,85,realestate
484,484,17,22,8,4,198,realestate
485,485,5,4,2,24,135,realestate
486,486,15,19,3,13,183,financial
487,487,8,2,5,9,159,pharmaceutical
488,488,1,17,5,8,170,education
489,489,8,9,3,23,161,realestate
490,490,12,25,4,14,95,retail
491,491,10,8,4,6,106,pharmaceutical
492,492,10,11,6,20,115,software
493,493,11,2,6,1,129,pharmaceutical
494,494,2,18,1,0,203,education
495,495,14,23,6,0,197,pharmaceutical
496,496,8,0,2,20,152,realestate
497,497,1,11,2,9,214,software
498,498,5,19,0,3,121,realestate
499,499,16,4,0,10,147,realestate
500,500,16,7,2,23,155,financial
501,501,9,5,1,7,94,realestate
502,502,6,16,0,18,78,realestate
503,503,11,0,6,24,131,realestate
504,504,14,11,5,2,189,retail
505,505,13,0,7,18,121,financial
506,506,3,26,9,1,209,education
507,507,17,22,8,4,188,financial
508,508,4,6,1,10,186,pharmaceutical
509,509,4,17,4,11,179,retail
510,510,6,23,6,27,56,software
511,511,0,18,2,23,120,software
512,512,16,7,7,26,150,realestate
513,513,13,28,2,12,105,realestate
514,514,13,18,5,6,108,retail
515,515,3,12,3,19,204,financial
516,516,6,13,1,27,68,financial
517,517,7,25,3,7,123,pharmaceutical
518,518,5,28,5,3,124,realestate
519,519,9,28,0,16,65,realestate
520,520,0,27,0,0,120,financial
521,521,13,10,8,7,144,financial
522,522,7,20,2,27,128,education
523,523,18,23,3,4,81,financial
524,524,7,0,0,2,131,realestate
525,525,6,19,7,8,84,pharmaceutical
526,526,1,10,4,19,187,education
527,527,11,29,3,25,106,education
528,528,19,10,9,19,77,financial
529,529,7,10,9,8,143,software
530,530,5,16,7,20,139,retail
531,531,12,21,1,7,109,education
532,532,1,3,6,6,159,retail
533,533,13,16,5,20,117,realestate
534,534,9,24,9,8,95,software
535,535,14,4,2,3,198,financial
536,536,12,28,6,14,84,pharmaceutical
537,537,10,24,5,5,157,education
538,538,18,16,4,18,53,software
539,539,19,6,7,13,75,software
540,540,18,10,1,1,51,education
541,541,4,10,1,8,171,retail
542,542,2,19,2,23,213,software
543,543,17,5,0,29,196,education
544,544,3,7,4,3,190,software
545,545,16,24,8,11,150,software
546,546,5,6,6,27,127,realestate
547,547,11,23,3,5,96,education
548,548,2,1,2,0,202,pharmaceutical
549,549,10,25,6,8,119,software
550,550,12,28,0,12,94,pharmaceutical
551,551,7,6,0,2,150,pharmaceutical
552,552,11,20,2,12,104,education
553,553,14,13,6,8,194,realestate
554,554,4,1,1,6,135,financial
555,555,2,21,0,11,218,pharmaceutical
556,556,12,25,9,9,93,education
557,557,15,14,9,11,204,pharmaceutical
558,558,2,16,8,9,202,retail
559,559,10,18,9,3,116,financial
560,560,18,6,7,18,100,financial
561,561,16,12,8,5,152,financial
562,562,3,7,6,26,211,retail
563,563,5,1,4,13,104,education
564,564,4,19,3,20,134,software
565,565,16,20,5,12,161,pharmaceutical
566,566,13,17,3,23,88,software
567,567,15,25,3,22,206,retail
568,568,4,13,5,10,151,retail
569,569,3,3,5,3,178,realestate
570,570,12,10,6,4,90,retail
571,571,14,17,6,3,178,education
572,572,7,14,3,3,143,financial
573,573,19,2,3,8,82,education
574,574,13,19,8,25,125,pharmaceutical
575,575,3,5,7,21,169,software
576,576,4,13,8,2,183,realestate
577,577,17,8,7,18,195,pharmaceutical
578,578,14,19,3,25,195,pharmaceutical
579,579,13,12,4,29,101,software
580,580,9,2,4,15,100,software
581,581,1,0,4,6,156,realestate
582,582,4,27,2,2,186,financial
583,583,1,14,7,18,202,retail
584,584,17,15,3,9,186,retail
585,585,13,29,6,7,141,software
586,586,13,13,9,5,106,software
587,587,9,21,3,8,71,financial
588,588,17,23,1,1,199,financial
589,589,14,3,9,8,193,software
590,590,8,14,4,29,132,software
591,591,3,6,8,15,165,retail
592,592,2,25,8,0,204,education
593,593,17,24,9,7,192,education
594,594,19,8,3,13,83,software
595,595,18,28,0,19,54,financial
596,596,16,1,9,20,147,pharmaceutical
597,597,17,21,5,17,193,pharmaceutical
598,598,13,21,2,28,94,education
599,599,16,17,1,26,162,retail
600,600,10,13,2,8,145,pharmaceutical
601,601,2,20,8,17,204,retail
602,602,13,9,3,3,141,pharmaceutical
603,603,10,8,0,9,145,financial
604,604,10,20,3,8,158,education
605,605,2,18,5,29,204,education
606,606,15,18,4,4,215,pharmaceutical
607,607,8,8,1,6,147,retail
608,608,16,0,1,23,148,pharmaceutical
609,609,8,17,2,21,199,education
610,610,6,15,9,12,82,realestate
611,611,13,5,1,29,90,financial
612,612,19,28,8,16,73,pharmaceutical
613,613,13,18,9,25,90,retail
614,614,4,7,2,10,185,software
615,615,9,13,8,18,91,pharmaceutical
616,616,16,29,6,17,161,pharmaceutical
617,617,16,16,0,28,157,pharmaceutical
618,618,3,28,4,24,203,financial
619,619,15,16,3,1,216,retail
620,620,7,3,9,14,143,retail
621,621,6,0,1,6,50,retail
622,622,12,1,4,8,80,retail
623,623,17,25,8,5,195,retail
624,624,11,29,8,11,130,education
625,625,3,24,6,13,193,retail
626,626,1,27,4,29,194,education
627,627,3,4,8,7,179,pharmaceutical
628,628,13,11,5,23,91,financial
629,629,16,4,5,22,147,retail
630,630,18,14,7,8,102,education
631,631,11,14,7,10,124,retail
632,632,2,12,6,22,218,financial
633,633,1,12,7,25,204,realestate
634,634,17,13,9,25,196,financial
635,635,11,27,5,16,93,financial
636,636,7,13,4,11,122,software
637,637,4,7,0,5,188,education
638,638,13,2,7,20,136,software
639,639,9,17,2,15,84,software
640,640,7,21,9,5,134,financial
641,641,1,18,2,3,231,realestate
642,642,15,1,5,12,215,financial
643,643,16,4,1,22,154,education
644,644,4,11,1,19,187,financial
645,645,13,18,9,13,141,education
646,646,16,7,1,20,146,realestate
647,647,5,3,2,16,125,education
648,648,13,17,7,6,88,software
649,649,17,8,7,2,188,realestate
650,650,10,16,2,9,89,retail
651,651,13,24,9,12,120,financial
652,652,16,21,2,2,157,financial
653,653,4,5,1,0,141,retail
654,654,1,14,0,15,164,retail
655,655,6,27,7,20,40,software
656,656,4,7,8,29,176,pharmaceutical
657,657,4,20,2,19,195,education
658,658,17,13,4,0,185,pharmaceutical
659,659,16,6,6,2,147,realestate
660,660,11,7,3,3,137,retail
661,661,10,23,4,7,138,financial
662,662,2,24,3,20,216,education
663,663,13,18,1,3,117,realestate
664,664,11,5,7,2,112,education
665,665,2,6,0,11,215,financial
666,666,12,15,6,14,104,retail
667,667,10,21,4,10,139,education
668,668,6,19,5,17,79,retail
669,669,18,24,4,20,58,financial
670,670,7,8,7,24,139,software
671,671,2,27,4,10,202,pharmaceutical
672,672,16,9,9,13,151,realestate
673,673,8,26,9,21,167,realestate
674,674,11,21,8,11,135,realestate
675,675,13,29,1,28,130,retail
676,676,8,4,4,3,126,software
677,677,2,12,7,16,214,software
678,678,1,28,1,3,231,education
679,679,2,11,5,3,209,education
680,680,19,10,2,19,105,retail
681,681,6,14,5,18,58,software
682,682,13,10,9,4,86,realestate
683,683,1,16,6,7,206,software
684,684,10,28,2,22,124,education
685,685,11,9,0,8,91,financial
686,686,11,17,9,6,103,education
687,687,16,14,7,3,152,financial
688,688,2,7,4,4,212,software
689,689,18,14,8,10,69,education
690,690,14,13,6,3,197,software
691,691,14,9,1,24,197,software
692,692,19,11,9,0,77,education
693,693,19,5,2,17,97,education
694,694,13,10,9,12,126,education
695,695,6,22,7,17,43,pharmaceutical
696,696,18,26,7,3,78,education
697,697,11,13,7,25,139,software
698,698,2,4,1,28,207,realestate
699,699,10,28,5,13,110,pharmaceutical
700,700,16,20,3,11,150,financial
701,701,4,25,3,25,139,realestate
702,702,19,25,2,24,115,pharmaceutical
703,703,14,19,9,18,183,retail
704,704,16,28,7,11,151,software
705,705,9,3,0,13,71,realestate
706,706,19,9,7,5,85,software
707,707,5,2,2,1,100,financial
708,708,8,10,9,15,193,financial
709,709,19,14,0,12,74,software
710,710,2,11,4,26,199,pharmaceutical
711,711,7,17,0,6,143,financial
712,712,0,9,5,20,123,pharmaceutical
713,713,1,24,2,28,170,software
714,714,18,11,0,3,71,realestate
715,715,9,29,1,6,50,realestate
716,716,8,12,1,27,149,software
717,717,19,2,6,0,81,pharmaceutical
718,718,3,22,7,25,182,realestate
719,719,0,15,2,25,123,retail
720,720,1,10,5,5,229,financial
721,721,15,18,1,9,184,education
722,722,2,27,0,0,215,retail
723,723,4,18,9,15,155,education
724,724,19,8,6,26,103,education
725,725,6,6,5,10,74,software
726,726,18,12,9,29,72,education
727,727,17,14,9,23,186,education
728,728,18,12,6,16,58,retail
729,729,18,6,9,25,53,software
730,730,3,6,0,7,184,education
731,731,3,1,1,2,180,financial
732,732,19,7,5,27,114,pharmaceutical
733,733,5,15,3,19,132,financial
734,734,11,1,4,11,111,retail
735,735,7,5,9,26,139,education
736,736,18,8,3,9,87,pharmaceutical
737,737,12,24,0,14,87,software
738,738,3,28,3,23,172,retail
739,739,6,27,5,3,84,financial
740,740,2,23,3,15,214,pharmaceutical
741,741,13,28,6,16,143,retail
742,742,0,22,7,12,123,realestate
743,743,18,7,4,23,80,retail
744,744,9,5,0,22,88,financial
745,745,8,3,8,9,202,software
746,746,4,25,3,26,146,financial
747,747,13,22,8,23,86,software
748,748,6,23,0,7,54,education
749,749,2,14,0,18,215,financial
750,750,8,18,6,25,180,financial
751,751,5,11,6,18,109,pharmaceutical
752,752,4,8,0,1,142,retail
753,753,9,3,5,23,72,financial
754,754,7,3,0,20,138,education
755,755,10,16,4,3,104,financial
756,756,5,26,1,4,132,education
757,757,16,14,6,12,153,retail
758,758,5,11,7,17,133,financial
759,759,15,12,3,2,205,pharmaceutical
760,760,12,11,4,25,97,education
761,761,10,9,3,1,113,education
762,762,10,7,3,6,92,retail
763,763,5,15,0,3,112,financial
764,764,5,26,8,25,108,education
765,765,13,8,7,27,104,education
766,766,11,2,5,9,123,pharmaceutical
767,767,3,23,4,17,186,financial
768,768,11,14,9,16,112,financial
769,769,17,24,5,7,198,software
770,770,3,29,0,3,168,retail
771,771,14,6,7,11,191,retail
772,772,8,14,5,7,134,software
773,773,8,2,7,28,162,software
774,774,6,25,2,16,85,retail
775,775,5,22,9,20,109,realestate
776,776,13,25,9,16,141,education
777,777,18,18,1,25,77,realestate
778,778,18,28,2,23,77,realestate
779,779,3,5,3,9,172,retail
780,780,8,11,3,24,144,education
781,781,17,5,9,12,191,financial
782,782,19,24,6,27,92,retail
783,783,13,21,1,5,96,retail
784,784,4,19,0,28,175,education
785,785,10,9,2,18,110,software
786,786,15,23,8,5,196,financial
787,787,9,15,1,3,98,retail
788,788,0,18,0,17,122,education
789,789,12,22,8,1,101,software
790,790,18,0,1,3,97,financial
791,791,16,17,8,25,154,pharmaceutical
792,792,0,18,4,4,122,realestate
793,793,6,25,5,11,52,education
794,794,9,29,1,24,44,financial
795,795,1,24,9,19,167,pharmaceutical
796,796,1,20,7,4,234,realestate
797,797,1,24,7,27,224,software
798,798,6,1,1,1,82,retail
799,799,2,10,6,6,219,financial
800,800,15,13,5,20,196,education
801,801,16,11,2,26,146,education
802,802,19,8,0,18,113,software
803,803,13,7,3,29,122,pharmaceutical
804,804,13,1,2,3,122,financial
805,805,3,20,2,25,174,financial
806,806,4,23,7,17,194,financial
807,807,17,18,9,13,190,realestate
808,808,10,22,1,21,105,retail
809,809,2,7,1,27,205,education
810,810,18,15,0,17,79,financial
811,811,17,25,3,8,200,retail
812,812,2,1,8,17,201,pharmaceutical
813,813,2,25,2,25,207,pharmaceutical
814,814,15,6,5,25,182,retail
815,815,6,18,3,6,59,realestate
816,816,9,4,3,16,84,pharmaceutical
817,817,0,23,5,22,120,software
818,818,4,2,3,24,159,software
819,819,12,11,2,11,97,retail
820,820,0,18,2,16,119,pharmaceutical
821,821,3,17,9,13,179,software
822,822,11,29,8,7,111,software
823,823,4,9,8,23,172,retail
824,824,10,28,8,5,156,pharmaceutical
825,825,8,5,4,5,167,realestate
826,826,18,21,4,27,51,software
827,827,2,21,3,7,206,retail
828,828,10,5,8,8,159,software
829,829,4,22,5,8,138,software
830,830,8,23,2,3,120,financial
831,831,6,2,3,12,70,realestate
832,832,18,4,4,14,52,retail
833,833,17,4,9,16,202,retail
834,834,15,3,4,28,205,retail
835,835,5,20,7,10,104,pharmaceutical
836,836,9,13,1,9,84,software
837,837,6,25,5,3,60,software
838,838,15,8,6,12,215,financial
839,839,5,1,4,5,125,pharmaceutical
840,840,13,20,0,28,122,retail
841,841,14,25,9,5,191,software
842,842,2,26,1,22,202,education
843,843,15,8,1,8,178,education
844,844,13,1,6,7,133,financial
845,845,1,20,8,7,191,pharmaceutical
846,846,9,23,9,25,82,financial
847,847,13,9,8,27,94,financial
848,848,10,24,2,26,99,financial
849,849,18,20,8,5,74,software
850,850,15,15,7,11,194,pharmaceutical
851,851,15,19,7,18,216,realestate
852,852,5,29,4,12,103,education
853,853,0,21,5,5,123,software
854,854,5,5,4,16,133,retail
855,855,7,18,5,24,155,financial
856,856,17,2,4,23,185,software
857,857,11,24,7,27,91,financial
858,858,2,13,4,28,214,software
859,859,1,23,1,2,169,education
860,860,11,3,6,0,132,financial
861,861,11,26,9,23,101,financial
862,862,10,12,4,4,120,retail
863,863,2,15,3,26,203,software
864,864,11,9,8,0,128,realestate
865,865,16,17,8,8,152,financial
866,866,10,23,0,24,135,realestate
867,867,8,28,0,3,157,software
868,868,8,18,9,15,150,software
869,869,14,23,3,20,192,software
870,870,6,25,0,9,70,realestate
871,871,19,3,4,29,85,realestate
872,872,13,18,8,8,112,software
873,873,9,24,0,27,96,pharmaceutical
874,874,15,13,4,19,200,education
875,875,11,19,2,24,123,education
876,876,16,26,3,5,153,realestate
877,877,10,4,0,19,153,realestate
878,878,11,25,2,18,113,software
879,879,6,9,2,16,58,realestate
880,880,12,6,1,17,84,education
881,881,15,25,6,5,205,retail
882,882,8,8,2,15,140,realestate
883,883,10,25,7,3,117,financial
884,884,4,17,3,29,187,software
885,885,12,19,3,8,101,software
886,886,14,0,3,1,194,realestate
887,887,12,14,1,23,82,financial
888,888,18,19,6,3,59,retail
889,889,19,21,4,11,108,software
890,890,2,23,4,23,204,financial
891,891,12,11,2,25,109,pharmaceutical
892,892,1,18,4,21,163,retail
893,893,14,15,7,26,178,financial
894,894,19,0,3,8,82,education
895,895,1,21,6,20,203,financial
896,896,19,19,1,14,81,retail
897,897,1,4,7,20,177,financial
898,898,14,20,3,0,183,pharmaceutical
899,899,13,20,8,2,91,retail
900,900,3,29,6,6,168,retail
901,901,3,10,4,1,181,education
902,902,13,17,6,3,105,education
903,903,13,3,3,13,138,education
904,904,8,10,1,28,204,financial
905,905,11,4,1,7,132,realestate
906,906,13,25,5,0,135,software
907,907,15,1,2,9,216,education
908,908,7,10,0,5,159,education
909,909,19,14,8,3,94,financial
910,910,16,23,6,7,158,realestate
911,911,17,15,8,12,191,retail
912,912,15,11,5,9,214,realestate
913,913,17,24,0,3,196,software
914,914,3,1,7,25,217,financial
915,915,6,11,1,21,48,software
916,916,15,29,0,13,193,pharmaceutical
917,917,10,17,7,6,133,realestate
918,918,5,10,2,7,133,financial
919,919,16,14,5,19,158,software
920,920,12,22,2,9,100,pharmaceutical
921,921,8,6,9,5,199,financial
922,922,8,1,0,21,123,software
923,923,1,9,9,28,169,retail
924,924,5,16,5,9,122,education
925,925,8,18,5,15,173,education
926,926,3,0,7,0,174,realestate
927,927,16,14,7,7,160,education
928,928,1,6,9,27,199,financial
929,929,17,11,0,15,205,realestate
930,930,17,28,7,10,187,realestate
931,931,4,2,4,17,153,retail
932,932,8,0,3,17,162,pharmaceutical
933,933,8,6,0,8,136,education
934,934,5,10,9,12,107,education
935,935,8,17,7,23,199,software
936,936,7,11,7,13,153,pharmaceutical
937,937,4,27,8,20,151,pharmaceutical
938,938,17,11,6,10,191,financial
939,939,18,12,2,3,103,realestate
940,940,10,23,5,25,156,pharmaceutical
941,941,19,22,8,17,92,pharmaceutical
942,942,2,0,5,15,210,retail
943,943,5,14,8,15,132,realestate
944,944,6,12,5,16,51,pharmaceutical
945,945,7,24,0,24,138,pharmaceutical
946,946,0,17,4,9,123,financial
947,947,2,27,8,7,204,pharmaceutical
948,948,8,24,2,4,181,retail
949,949,11,26,6,21,132,retail
950,950,7,1,2,19,136,financial
951,951,15,9,7,1,197,education
952,952,4,0,0,26,154,software
953,953,1,20,7,11,214,software
954,954,5,15,2,2,108,retail
955,955,15,8,5,4,192,software
956,956,0,17,6,9,123,education
957,957,10,15,4,26,99,retail
958,958,7,3,2,29,166,realestate
959,959,19,1,6,20,107,pharmaceutical
960,960,18,23,4,26,61,software
961,961,14,10,9,6,193,software
962,962,5,24,0,12,95,pharmaceutical
963,963,2,3,6,13,214,realestate
964,964,1,29,9,8,159,software
965,965,14,25,6,29,186,realestate
966,966,10,25,7,27,118,education
967,967,16,7,7,27,152,pharmaceutical
968,968,1,7,9,2,187,software
969,969,3,9,1,3,175,education
970,970,13,19,2,29,96,pharmaceutical
971,971,16,12,0,25,152,education
972,972,13,17,7,0,115,retail
973,973,4,8,6,14,183,realestate
974,974,13,24,7,16,142,financial
975,975,7,2,3,16,134,financial
976,976,10,26,9,22,135,financial
977,977,16,15,3,26,147,software
978,978,15,19,3,15,199,software
979,979,15,26,7,3,186,pharmaceutical
980,980,2,16,3,15,211,retail
981,981,11,2,9,27,114,realestate
982,982,7,29,4,16,126,realestate
983,983,5,5,3,26,117,software
984,984,14,11,5,28,181,education
985,985,4,2,9,18,185,financial
986,986,9,25,7,9,53,software
987,987,11,9,7,23,107,realestate
988,988,1,9,9,3,235,financial
989,989,15,12,0,19,191,realestate
990,990,14,19,0,8,197,education
991,991,13,5,8,1,111,financial
992,992,14,22,6,1,188,retail
993,993,1,16,9,10,168,pharmaceutical
994,994,0,29,4,26,122,education
995,995,2,17,1,2,206,education
996,996,17,4,7,5,194,financial
997,997,12,20,1,8,110,education
998,998,7,4,5,20,129,retail
999,999,1,10,4,14,174,software
1000,1000,15,7,1,5,199,pharmaceutical
1001,1001,18,7,1,5,83,pharmaceutical
1002,1002,1,13,1,4,196,realestate
1003,1003,18,9,5,11,98,realestate
1004,1004,0,11,1,17,119,pharmaceutical
1005,1005,18,21,0,10,80,pharmaceutical
1006,1006,17,13,8,23,191,software
1007,1007,7,15,3,23,136,realestate
1008,1008,11,23,6,10,105,financial
1009,1009,2,23,3,26,211,software
1010,1010,8,11,8,1,189,software
1011,1011,11,13,3,14,117,education
1012,1012,5,5,4,5,103,pharmaceutical
1013,1013,16,4,9,16,160,pharmaceutical
1014,1014,9,24,3,15,90,pharmaceutical
1015,1015,14,22,3,26,183,realestate
1016,1016,1,7,1,29,226,realestate
1017,1017,0,9,5,6,121,financial
1018,1018,19,28,3,10,77,realestate
1019,1019,12,28,4,9,103,pharmaceutical
1020,1020,12,14,7,22,83,pharmaceutical
1021,1021,4,20,7,21,180,realestate
1022,1022,1,15,1,12,184,retail
1023,1023,19,2,3,17,84,software
1024,1024,9,16,2,10,59,financial
1025,1025,10,15,9,18,92,pharmaceutical
1026,1026,3,23,1,14,189,pharmaceutical
1027,1027,12,5,7,14,78,software
1028,1028,16,15,2,26,158,education
1029,1029,7,1,9,24,155,pharmaceutical
1030,1030,4,3,0,14,179,retail
1031,1031,10,14,4,13,134,education
1032,1032,13,24,3,21,136,education
1033,1033,8,13,0,20,135,software
1034,1034,3,0,5,18,214,software
1035,1035,15,13,3,13,213,retail
1036,1036,12,7,9,4,96,software
1037,1037,10,1,0,19,88,realestate
1038,1038,7,26,7,4,156,pharmaceutical
1039,1039,5,12,1,4,116,education
1040,1040,0,21,9,21,123,retail
1041,1041,8,22,7,14,118,realestate
1042,1042,2,29,0,15,210,financial
1043,1043,0,17,5,18,121,education
1044,1044,1,13,6,27,191,retail
1045,1045,5,13,1,21,93,financial
1046,1046,18,28,9,27,98,realestate
1047,1047,5,14,5,10,134,financial
1048,1048,2,15,6,24,212,realestate
1049,1049,9,16,4,25,77,realestate
1050,1050,1,10,6,7,210,realestate
1051,1051,10,26,3,2,95,pharmaceutical
1052,1052,17,2,5,6,202,realestate
1053,1053,4,23,6,10,169,education
1054,1054,15,6,9,24,218,education
1055,1055,6,22,8,11,75,financial
1056,1056,18,18,0,2,74,realestate
1057,1057,2,4,3,18,201,realestate
1058,1058,14,8,8,2,189,software
1059,1059,9,24,2,1,65,education
1060,1060,6,18,6,1,45,software
1061,1061,10,20,6,25,137,realestate
1062,1062,9,21,6,9,51,retail
1063,1063,8,13,6,2,188,software
1064,1064,6,29,5,11,63,financial
1065,1065,17,20,3,28,196,software
1066,1066,2,14,4,11,214,pharmaceutical
1067,1067,7,8,9,28,137,retail
1068,1068,15,10,2,17,197,education
1069,1069,12,6,4,5,88,pharmaceutical
1070,1070,14,10,0,7,198,software
1071,1071,4,15,1,21,189,retail
1072,1072,14,11,6,5,185,pharmaceutical
1073,1073,18,27,3,29,53,software
1074,1074,19,9,6,25,108,software
1075,1075,1,18,9,23,219,pharmaceutical
1076,1076,14,26,8,19,198,software
1077,1077,4,25,0,28,182,financial
1078,1078,14,11,4,7,186,financial
1079,1079,15,13,0,11,184,retail
1080,1080,17,27,7,21,189,education
1081,1081,7,22,0,6,139,retail
1082,1082,14,13,6,6,180,realestate
1083,1083,1,28,7,12,200,financial
1084,1084,4,16,4,11,160,retail
1085,1085,8,25,3,25,145,pharmaceutical
1086,1086,5,26,7,25,106,software
1087,1087,7,25,7,14,133,financial
1088,1088,10,7,8,25,88,software
1089,1089,3,26,1,22,207,education
1090,1090,5,29,2,2,122,education
1091,1091,0,25,9,21,122,software
1092,1092,8,7,6,22,129,retail
1093,1093,6,13,9,3,52,realestate
1094,1094,3,21,2,6,171,education
1095,1095,3,6,4,29,212,software
1096,1096,7,17,9,22,149,education
1097,1097,9,7,1,2,59,financial
1098,1098,17,16,0,9,196,financial
1099,1099,19,28,6,28,102,software
1100,1100,15,8,9,29,220,realestate
1101,1101,15,10,7,8,185,pharmaceutical
1102,1102,7,22,5,1,167,software
1103,1103,10,11,6,9,144,software
1104,1104,13,15,1,6,89,education
1105,1105,8,18,4,26,164,education
1106,1106,17,2,5,29,185,retail
1107,1107,6,1,2,18,45,education
1108,1108,4,8,7,29,174,education
1109,1109,17,10,8,18,189,education
1110,1110,3,17,9,10,211,retail
1111,1111,8,11,4,26,148,pharmaceutical
1112,1112,6,23,7,7,56,education
1113,1113,10,29,9,24,158,financial
1114,1114,13,10,4,19,146,pharmaceutical
1115,1115,2,8,2,4,202,retail
1116,1116,13,22,1,25,143,education
1117,1117,19,28,0,2,75,financial
1118,1118,18,25,7,29,51,software
1119,1119,13,11,4,25,119,software
1120,1120,4,10,2,23,144,pharmaceutical
1121,1121,2,0,7,23,208,financial
1122,1122,16,13,1,26,152,software
1123,1123,9,10,6,28,83,education
1124,1124,16,10,5,12,159,financial
1125,1125,18,22,8,15,58,financial
1126,1126,10,16,3,21,151,realestate
1127,1127,7,13,5,13,153,education
1128,1128,4,9,0,8,160,financial
1129,1129,0,13,8,10,119,financial
1130,1130,2,23,2,10,213,realestate
1131,1131,1,29,1,28,165,retail
1132,1132,15,19,1,27,196,education
1133,1133,3,3,1,21,182,software
1134,1134,13,18,5,18,91,pharmaceutical
1135,1135,9,10,5,6,62,financial
1136,1136,8,4,6,23,186,pharmaceutical
1137,1137,10,15,1,24,111,education
1138,1138,10,9,9,22,154,realestate
1139,1139,0,29,8,5,121,software
1140,1140,4,11,6,15,133,retail
1141,1141,10,15,1,1,95,education
1142,1142,8,1,7,23,187,education
1143,1143,7,13,4,20,141,financial
1144,1144,4,4,6,25,174,education
1145,1145,6,0,7,11,56,retail
1146,1146,4,26,1,26,165,realestate
1147,1147,8,15,2,20,137,education
1148,1148,5,23,2,9,108,software
1149,1149,10,26,5,27,99,retail
1150,1150,14,2,1,13,193,retail
1151,1151,11,3,3,29,102,financial
1152,1152,9,28,0,1,76,software
1153,1153,16,25,5,2,146,pharmaceutical
1154,1154,11,2,5,21,105,financial
1155,1155,4,22,9,1,181,financial
1156,1156,0,3,6,7,121,retail
1157,1157,3,25,3,25,204,retail
1158,1158,17,0,0,19,202,pharmaceutical
1159,1159,7,12,1,12,160,realestate
1160,1160,12,8,6,19,102,financial
1161,1161,6,17,7,6,38,realestate
1162,1162,15,24,1,18,207,financial
1163,1163,11,13,3,9,102,education
1164,1164,11,24,1,12,108,realestate
1165,1165,9,15,0,9,66,education
1166,1166,13,26,7,0,137,pharmaceutical
1167,1167,1,10,6,17,159,financial
1168,1168,4,10,1,10,174,realestate
1169,1169,16,7,8,8,161,software
1170,1170,16,6,3,15,149,retail
1171,1171,14,10,8,23,196,realestate
1172,1172,9,10,3,1,52,retail
1173,1173,0,4,9,11,120,pharmaceutical
1174,1174,6,13,5,18,44,realestate
1175,1175,10,18,1,17,98,pharmaceutical
1176,1176,11,20,5,13,123,retail
1177,1177,11,16,8,18,106,retail
1178,1178,13,15,0,25,128,pharmaceutical
1179,1179,11,26,8,10,114,realestate
1180,1180,6,3,6,5,82,realestate
1181,1181,16,29,8,3,147,financial
1182,1182,2,20,0,15,218,education
1183,1183,4,4,2,15,154,education
1184,1184,17,14,9,26,185,financial
1185,1185,15,13,3,18,183,education
1186,1186,2,8,2,0,218,software
1187,1187,18,6,1,18,57,retail
1188,1188,3,22,4,12,210,realestate
1189,1189,4,9,5,3,148,software
1190,1190,12,9,7,17,100,software
1191,1191,9,28,7,21,53,education
1192,1192,0,21,5,17,122,realestate
1193,1193,15,7,0,22,215,realestate
1194,1194,6,2,4,11,84,education
1195,1195,9,24,1,21,91,education
1196,1196,3,13,2,20,205,realestate
1197,1197,1,6,0,13,168,software
1198,1198,18,9,5,8,64,pharmaceutical
1199,1199,0,13,7,5,120,education
1200,1200,16,10,5,19,153,financial
1201,1201,2,13,8,24,206,retail
1202,1202,4,1,8,20,154,education
1203,1203,0,11,6,5,121,education
1204,1204,19,6,3,19,95,realestate
1205,1205,17,27,3,15,185,realestate
1206,1206,3,10,4,2,199,financial
1207,1207,15,26,9,10,196,financial
1208,1208,17,16,4,11,198,realestate
1209,1209,13,15,2,18,89,realestate
1210,1210,17,27,9,4,201,financial
1211,1211,11,7,2,6,117,retail
1212,1212,2,15,6,29,215,financial
1213,1213,10,11,1,18,89,education
1214,1214,17,3,1,12,199,education
1215,1215,13,0,5,21,98,retail
1216,1216,15,27,3,20,220,realestate
1217,1217,13,23,8,10,99,realestate
1218,1218,8,18,8,13,157,retail
1219,1219,9,6,3,17,57,software
1220,1220,1,28,1,20,158,pharmaceutical
1221,1221,14,16,5,2,198,financial
1222,1222,0,19,8,24,122,retail
1223,1223,15,21,9,13,193,retail
1224,1224,0,15,7,4,123,pharmaceutical
1225,1225,8,26,6,28,136,realestate
1226,1226,5,14,9,9,111,software
1227,1227,1,27,2,16,215,financial
1228,1228,12,19,9,1,97,realestate
1229,1229,18,27,0,2,67,retail
1230,1230,0,22,8,15,122,software
1231,1231,9,11,2,21,77,financial
1232,1232,2,16,6,7,201,pharmaceutical
1233,1233,4,21,7,14,140,financial
1234,1234,10,19,2,20,115,education
1235,1235,7,3,5,6,146,pharmaceutical
1236,1236,10,13,7,4,98,financial
1237,1237,9,10,4,5,103,software
1238,1238,6,3,2,17,78,retail
1239,1239,3,9,1,23,177,realestate
1240,1240,16,15,5,27,159,pharmaceutical
1241,1241,0,25,6,2,122,retail
1242,1242,5,4,3,21,116,software
1243,1243,1,15,9,23,188,realestate
1244,1244,8,5,9,23,139,realestate
1245,1245,19,21,5,26,93,education
1246,1246,4,0,2,28,153,realestate
1247,1247,2,8,4,24,204,software
1248,1248,4,0,2,17,179,education
1249,1249,16,28,9,4,146,software
1250,1250,15,18,2,5,214,financial
1251,1251,0,25,6,0,123,software
1252,1252,10,11,2,29,91,financial
1253,1253,8,16,7,8,166,financial
1254,1254,4,28,3,29,142,education
1255,1255,10,5,3,2,141,realestate
1256,1256,19,5,2,27,89,pharmaceutical
1257,1257,19,23,1,12,108,software
1258,1258,9,7,4,3,92,realestate
1259,1259,5,17,7,15,134,retail
1260,1260,4,11,2,2,172,financial
1261,1261,1,0,3,11,227,financial
1262,1262,12,17,3,16,80,software
1263,1263,19,27,3,21,114,financial
1264,1264,11,17,8,13,103,pharmaceutical
1265,1265,2,5,1,9,217,realestate
1266,1266,10,10,7,0,117,financial
1267,1267,14,6,3,29,191,software
1268,1268,10,10,1,24,95,software
1269,1269,11,19,9,25,139,education
1270,1270,8,22,0,2,153,software
1271,1271,6,15,6,6,42,education
1272,1272,12,24,7,10,94,software
1273,1273,13,19,1,7,124,retail
1274,1274,3,13,1,8,181,software
1275,1275,12,21,4,7,86,financial
1276,1276,8,12,2,14,129,retail
1277,1277,0,3,6,29,122,pharmaceutical
1278,1278,18,4,8,0,78,realestate
1279,1279,6,13,3,13,81,software
1280,1280,8,15,8,8,141,realestate
1281,1281,6,9,8,24,59,software
1282,1282,17,8,4,7,199,software
1283,1283,8,28,7,7,156,pharmaceutical
1284,1284,14,22,5,2,192,realestate
1285,1285,15,2,1,19,218,software
1286,1286,4,18,5,15,175,retail
1287,1287,13,0,5,29,124,pharmaceutical
1288,1288,10,10,7,14,91,pharmaceutical
1289,1289,9,23,8,6,88,financial
1290,1290,14,10,9,10,194,financial
1291,1291,12,14,1,28,96,pharmaceutical
1292,1292,13,1,4,22,101,education
1293,1293,17,3,7,7,185,realestate
1294,1294,9,16,3,12,61,education
1295,1295,15,0,5,24,213,realestate
1296,1296,6,4,3,3,51,financial
1297,1297,4,7,5,0,183,education
1298,1298,8,0,4,18,204,education
1299,1299,13,9,3,22,128,education
1300,1300,7,25,7,14,145,software
1301,1301,16,16,9,23,155,financial
1302,1302,4,27,3,17,151,education
1303,1303,3,15,0,29,206,financial
1304,1304,19,23,6,20,71,software
1305,1305,18,21,8,11,101,financial
1306,1306,0,19,5,1,121,education
1307,1307,4,8,1,9,173,realestate
1308,1308,11,17,1,3,115,financial
1309,1309,17,19,0,11,189,education
1310,1310,15,19,6,14,217,software
1311,1311,11,10,6,23,126,software
1312,1312,6,0,3,27,53,education
1313,1313,13,29,5,21,140,pharmaceutical
1314,1314,3,15,1,23,189,financial
1315,1315,15,8,0,15,199,financial
1316,1316,2,13,6,4,206,education
1317,1317,19,13,5,2,73,education
1318,1318,5,28,2,13,114,financial
1319,1319,6,17,9,24,78,pharmaceutical
1320,1320,5,18,0,2,123,realestate
1321,1321,2,29,6,28,200,financial
1322,1322,12,16,1,26,80,pharmaceutical
1323,1323,3,17,1,7,212,retail
1324,1324,18,8,4,7,94,financial
1325,1325,7,20,3,27,139,financial
1326,1326,12,22,7,24,97,software
1327,1327,0,22,1,27,120,pharmaceutical
1328,1328,9,18,8,3,104,pharmaceutical
1329,1329,10,22,2,24,146,education
1330,1330,8,20,6,7,173,retail
1331,1331,8,23,3,26,187,realestate
1332,1332,18,15,0,13,79,software
1333,1333,19,17,7,9,91,realestate
1334,1334,15,25,7,23,214,retail
1335,1335,16,25,7,16,151,pharmaceutical
1336,1336,19,18,7,7,75,pharmaceutical
1337,1337,16,20,5,26,159,education
1338,1338,12,6,3,15,93,pharmaceutical
1339,1339,6,10,5,26,64,software
1340,1340,19,28,5,21,117,software
1341,1341,1,20,1,21,181,financial
1342,1342,4,29,9,19,172,retail
1343,1343,15,25,9,7,197,realestate
1344,1344,11,8,0,16,131,pharmaceutical
1345,1345,15,2,9,14,211,software
1346,1346,2,17,5,18,201,software
1347,1347,0,17,8,22,121,software
1348,1348,4,1,1,3,132,financial
1349,1349,3,9,2,29,171,realestate
1350,1350,14,0,0,19,192,retail
1351,1351,3,8,9,11,207,realestate
1352,1352,11,26,3,25,116,retail
1353,1353,18,29,9,4,89,pharmaceutical
1354,1354,7,13,5,8,163,pharmaceutical
1355,1355,16,14,4,14,152,education
1356,1356,15,7,2,19,183,pharmaceutical
1357,1357,10,19,1,7,154,software
1358,1358,12,2,3,29,96,financial
1359,1359,4,15,9,15,153,pharmaceutical
1360,1360,9,13,5,26,98,financial
1361,1361,0,13,7,18,122,realestate
1362,1362,2,11,2,19,212,pharmaceutical
1363,1363,4,8,8,27,164,education
1364,1364,18,12,4,3,56,pharmaceutical
1365,1365,1,13,4,6,185,software
1366,1366,4,17,9,29,168,retail
1367,1367,19,1,1,18,97,software
1368,1368,8,2,5,21,167,financial
1369,1369,15,9,6,5,187,realestate
1370,1370,18,2,3,10,55,education
1371,1371,1,14,2,4,216,pharmaceutical
1372,1372,14,3,1,16,192,retail
1373,1373,0,26,2,22,123,retail
1374,1374,16,29,6,11,149,financial
1375,1375,7,12,6,7,146,software
1376,1376,11,27,9,21,140,financial
1377,1377,15,15,7,0,210,realestate
1378,1378,4,10,4,14,136,financial
1379,1379,19,29,3,0,107,realestate
1380,1380,10,8,4,3,130,retail
1381,1381,7,27,5,6,124,realestate
1382,1382,8,23,4,9,178,software
1383,1383,17,5,5,8,201,education
1384,1384,5,16,6,1,103,retail
1385,1385,6,28,2,24,52,realestate
1386,1386,19,4,4,15,75,financial
1387,1387,13,28,2,15,103,retail
1388,1388,8,6,7,14,164,education
1389,1389,3,25,5,13,192,education
1390,1390,9,27,3,7,95,realestate
1391,1391,9,11,5,1,46,software
1392,1392,10,19,8,29,89,realestate
1393,1393,2,24,6,18,218,software
1394,1394,17,25,3,14,196,software
1395,1395,0,29,7,7,119,education
1396,1396,2,25,8,13,206,software
1397,1397,9,12,5,21,91,retail
1398,1398,3,9,8,18,198,pharmaceutical
1399,1399,9,24,2,11,92,software
1400,1400,3,28,0,22,216,software
1401,1401,0,12,8,17,121,education
1402,1402,16,22,1,27,159,retail
1403,1403,5,5,7,19,104,financial
1404,1404,14,14,2,20,199,retail
1405,1405,8,4,4,6,154,realestate
1406,1406,8,20,5,9,155,retail
1407,1407,6,17,0,0,80,pharmaceutical
1408,1408,5,3,4,6,114,financial
1409,1409,4,21,4,12,133,realestate
1410,1410,2,24,3,7,201,pharmaceutical
1411,1411,13,11,0,5,111,pharmaceutical
1412,1412,7,3,8,25,123,pharmaceutical
1413,1413,1,17,0,13,156,education
1414,1414,2,0,1,16,209,software
1415,1415,0,1,5,1,121,realestate
1416,1416,11,1,7,13,108,pharmaceutical
1417,1417,8,9,3,8,201,financial
1418,1418,15,17,4,29,195,realestate
1419,1419,2,8,0,18,202,education
1420,1420,17,1,9,10,193,financial
1421,1421,13,22,6,2,117,financial
1422,1422,12,27,8,19,96,realestate
1423,1423,4,28,1,8,165,retail
1424,1424,11,12,7,8,120,retail
1425,1425,16,17,7,1,147,realestate
1426,1426,19,6,4,28,111,software
1427,1427,4,7,5,2,192,retail
1428,1428,13,6,9,9,108,financial
1429,1429,0,22,5,0,120,pharmaceutical
1430,1430,1,0,4,24,190,software
1431,1431,1,8,6,10,204,retail
1432,1432,0,11,4,16,123,pharmaceutical
1433,1433,1,0,6,3,231,software
1434,1434,5,26,8,6,140,pharmaceutical
1435,1435,6,27,1,2,59,education
1436,1436,9,17,7,6,51,education
1437,1437,18,28,5,29,83,retail
1438,1438,3,0,8,28,205,pharmaceutical
1439,1439,2,29,2,19,219,financial
1440,1440,18,28,5,21,103,retail
1441,1441,4,11,6,24,161,retail
1442,1442,8,21,0,5,118,pharmaceutical
1443,1443,5,13,7,11,112,education
1444,1444,11,23,9,16,123,realestate
1445,1445,6,17,0,19,56,retail
1446,1446,4,17,6,16,135,education
1447,1447,7,28,5,9,133,software
1448,1448,16,15,8,13,156,retail
1449,1449,5,5,0,13,129,software
1450,1450,1,16,5,29,216,financial
1451,1451,17,7,8,14,203,software
1452,1452,11,12,1,7,120,financial
1453,1453,9,28,1,18,67,financial
1454,1454,4,4,9,23,147,education
1455,1455,1,25,0,27,218,education
1456,1456,12,22,8,29,95,education
1457,1457,10,27,8,6,141,retail
1458,1458,10,13,8,25,112,financial
1459,1459,13,23,5,8,91,realestate
1460,1460,8,23,1,25,145,pharmaceutical
1461,1461,9,15,3,19,72,pharmaceutical
1462,1462,1,21,0,5,209,financial
1463,1463,5,29,9,24,123,retail
1464,1464,19,4,2,10,102,financial
1465,1465,11,1,2,22,130,software
1466,1466,16,0,5,4,162,retail
1467,1467,9,5,5,13,67,education
1468,1468,2,8,2,3,214,realestate
1469,1469,0,22,4,9,119,pharmaceutical
1470,1470,1,18,8,3,178,software
1471,1471,1,26,8,13,188,software
1472,1472,2,1,2,22,219,pharmaceutical
1473,1473,18,6,7,13,94,pharmaceutical
1474,1474,18,13,5,6,65,software
1475,1475,11,5,7,15,111,retail
1476,1476,14,4,4,18,196,retail
1477,1477,16,2,1,20,160,realestate
1478,1478,15,7,9,9,187,financial
1479,1479,0,20,3,4,123,retail
1480,1480,5,9,7,8,136,realestate
1481,1481,10,23,8,1,138,software
1482,1482,11,16,9,19,132,software
1483,1483,12,29,9,29,90,education
1484,1484,5,27,7,8,133,software
1485,1485,2,27,0,12,203,software
1486,1486,6,25,1,4,41,education
1487,1487,4,0,0,26,161,realestate
1488,1488,15,6,0,23,204,retail
1489,1489,13,24,1,29,102,retail
1490,1490,19,25,1,27,102,pharmaceutical
1491,1491,17,7,2,12,196,education
1492,1492,4,6,7,11,147,pharmaceutical
1493,1493,9,15,7,10,46,retail
1494,1494,8,14,5,0,159,financial
1495,1495,11,3,0,26,121,financial
1496,1496,7,25,2,12,129,pharmaceutical
1497,1497,7,21,6,6,158,financial
1498,1498,19,14,8,13,116,retail
1499,1499,9,27,0,12,43,pharmaceutical
1500,1500,6,29,0,12,78,realestate
1501,1501,14,22,1,16,178,education
1502,1502,7,1,3,17,164,financial
1503,1503,0,16,9,13,120,software
1504,1504,16,4,6,17,160,financial
1505,1505,6,25,8,10,62,financial
1506,1506,12,12,0,2,78,pharmaceutical
1507,1507,7,21,4,19,158,education
1508,1508,1,16,6,25,218,pharmaceutical
1509,1509,3,28,7,22,170,retail
1510,1510,11,6,1,24,131,financial
1511,1511,17,14,3,11,199,realestate
1512,1512,2,9,9,5,201,financial
1513,1513,9,13,0,4,74,pharmaceutical
1514,1514,3,28,3,7,191,software
1515,1515,2,21,3,15,219,financial
1516,1516,2,12,5,26,208,financial
1517,1517,1,19,9,18,190,education
1518,1518,1,3,5,8,189,pharmaceutical
1519,1519,8,4,7,18,159,pharmaceutical
1520,1520,2,23,8,2,201,education
1521,1521,11,19,8,23,122,realestate
1522,1522,7,8,3,26,164,realestate
1523,1523,19,26,5,24,89,software
1524,1524,9,27,2,1,79,pharmaceutical
1525,1525,4,23,8,3,150,education
1526,1526,1,27,5,16,194,software
1527,1527,0,1,4,25,121,software
1528,1528,13,2,4,12,103,software
1529,1529,19,27,3,18,102,software
1530,1530,16,28,8,20,150,software
1531,1531,2,6,8,3,208,realestate
1532,1532,19,16,0,7,99,realestate
1533,1533,11,7,6,15,126,pharmaceutical
1534,1534,16,23,1,17,156,retail
1535,1535,19,10,9,7,78,pharmaceutical
1536,1536,9,1,3,10,81,pharmaceutical
1537,1537,15,20,2,5,186,pharmaceutical
1538,1538,13,7,9,19,128,financial
1539,1539,18,0,3,25,65,retail
1540,1540,18,29,5,20,82,retail
1541,1541,6,0,7,16,79,realestate
1542,1542,14,16,9,5,183,education
1543,1543,7,14,6,21,152,education
1544,1544,6,29,0,1,52,retail
1545,1545,11,16,5,15,116,education
1546,1546,15,26,5,7,210,education
1547,1547,0,24,1,6,122,education
1548,1548,12,13,6,21,89,pharmaceutical
1549,1549,10,5,1,2,143,realestate
1550,1550,13,6,3,22,127,education
1551,1551,7,27,2,0,158,pharmaceutical
1552,1552,2,0,8,8,203,software
1553,1553,17,29,4,23,185,software
1554,1554,16,14,9,18,156,pharmaceutical
1555,1555,8,27,3,16,166,education
1556,1556,8,28,9,3,176,education
1557,1557,9,11,2,21,77,software
1558,1558,12,11,9,21,97,software
1559,1559,12,29,7,11,103,pharmaceutical
1560,1560,17,16,2,17,200,education
1561,1561,1,28,4,15,169,software
1562,1562,8,10,8,22,176,pharmaceutical
1563,1563,5,11,7,0,120,software
1564,1564,7,7,5,8,149,software
1565,1565,0,7,0,7,119,education
1566,1566,1,26,0,22,214,financial
1567,1567,14,24,6,0,186,education
1568,1568,5,7,9,25,97,financial
1569,1569,3,20,3,15,190,education
1570,1570,15,21,3,7,204,pharmaceutical
1571,1571,15,13,2,5,190,software
1572,1572,15,17,6,14,185,pharmaceutical
1573,1573,10,5,3,26,91,realestate
1574,1574,10,19,7,1,149,software
1575,1575,9,2,8,11,98,software
1576,1576,18,18,8,5,103,software
1577,1577,1,17,9,17,161,realestate
1578,1578,4,0,7,15,155,pharmaceutical
1579,1579,12,6,4,10,85,realestate
1580,1580,11,13,2,1,137,software
1581,1581,0,23,2,16,123,retail
1582,1582,19,15,0,28,82,financial
1583,1583,15,13,3,18,219,pharmaceutical
1584,1584,18,2,1,24,72,retail
1585,1585,16,26,5,3,146,realestate
1586,1586,19,12,1,25,95,education
1587,1587,18,26,7,14,98,pharmaceutical
1588,1588,12,9,3,10,108,pharmaceutical
1589,1589,8,11,1,8,163,software
1590,1590,2,7,6,17,208,retail
1591,1591,6,17,6,27,83,pharmaceutical
1592,1592,6,16,2,23,67,pharmaceutical
1593,1593,19,4,9,13,117,software
1594,1594,3,9,3,5,212,pharmaceutical
1595,1595,17,15,0,27,194,software
1596,1596,16,5,0,14,161,pharmaceutical
1597,1597,4,19,9,23,160,financial
1598,1598,13,11,1,5,124,pharmaceutical
1599,1599,0,18,2,1,119,education
1600,1600,3,19,2,18,208,realestate
1601,1601,1,16,5,9,209,realestate
1602,1602,0,21,7,24,121,financial
1603,1603,10,11,6,7,110,pharmaceutical
1604,1604,19,2,7,15,112,financial
1605,1605,6,1,0,4,56,software
1606,1606,11,3,0,11,124,education
1607,1607,17,15,0,22,187,pharmaceutical
1608,1608,5,17,4,28,110,retail
1609,1609,5,25,0,16,110,realestate
1610,1610,2,23,8,11,204,software
1611,1611,12,28,3,6,96,education
1612,1612,5,17,9,6,131,financial
1613,1613,15,2,8,8,180,software
1614,1614,18,1,7,20,73,education
1615,1615,0,13,9,15,120,software
1616,1616,11,4,7,15,110,software
1617,1617,14,29,6,8,192,realestate
1618,1618,16,22,2,27,148,realestate
1619,1619,3,20,1,20,215,financial
1620,1620,9,16,7,19,45,realestate
1621,1621,18,19,0,22,90,realestate
1622,1622,6,15,2,21,65,software
1623,1623,0,4,3,8,119,retail
1624,1624,13,29,2,26,137,pharmaceutical
1625,1625,11,24,9,3,140,pharmaceutical
1626,1626,9,25,1,15,94,realestate
1627,1627,6,19,1,5,79,software
1628,1628,16,21,6,10,156,pharmaceutical
1629,1629,8,25,8,29,206,realestate
1630,1630,12,13,7,27,94,retail
1631,1631,6,25,4,11,81,software
1632,1632,0,18,6,12,122,education
1633,1633,9,11,3,21,46,realestate
1634,1634,10,24,9,20,129,education
1635,1635,8,22,6,12,144,retail
1636,1636,2,4,2,26,211,financial
1637,1637,19,22,4,15,99,realestate
1638,1638,8,10,7,12,121,software
1639,1639,9,27,0,12,50,pharmaceutical
1640,1640,17,9,2,14,195,pharmaceutical
1641,1641,13,25,9,27,106,realestate
1642,1642,9,3,0,13,58,education
1643,1643,12,7,3,18,95,retail
1644,1644,11,3,2,22,132,financial
1645,1645,12,7,4,5,86,financial
1646,1646,19,6,6,11,93,realestate
1647,1647,0,21,4,21,119,financial
1648,1648,1,8,9,5,229,financial
1649,1649,16,1,2,15,158,education
1650,1650,15,6,6,12,199,software
1651,1651,14,11,8,11,192,pharmaceutical
1652,1652,3,23,4,29,191,software
1653,1653,15,14,9,20,195,pharmaceutical
1654,1654,1,13,0,12,183,financial
1655,1655,8,10,7,16,113,financial
1656,1656,9,11,5,19,46,realestate
1657,1657,19,19,3,15,116,education
1658,1658,6,4,4,8,54,retail
1659,1659,4,23,4,8,137,education
1660,1660,6,15,0,22,56,education
1661,1661,15,1,6,29,202,software
1662,1662,19,8,7,10,88,education
1663,1663,4,1,2,1,157,financial
1664,1664,19,23,9,23,74,software
1665,1665,19,18,4,26,90,software
1666,1666,3,27,7,23,194,financial
1667,1667,12,15,1,12,86,financial
1668,1668,8,26,7,2,153,realestate
1669,1669,4,29,3,27,151,software
1670,1670,1,19,9,17,192,retail
1671,1671,14,26,9,16,191,financial
1672,1672,11,27,7,5,131,education
1673,1673,15,7,5,15,207,retail
1674,1674,9,28,7,21,75,financial
1675,1675,14,25,9,0,186,pharmaceutical
1676,1676,18,16,8,29,70,education
1677,1677,7,27,1,2,165,retail
1678,1678,9,10,3,29,69,retail
1679,1679,9,23,0,18,98,software
1680,1680,3,19,7,16,185,software
1681,1681,19,7,3,6,110,pharmaceutical
1682,1682,19,11,9,20,94,retail
1683,1683,4,10,4,23,140,retail
1684,1684,10,26,8,28,155,software
1685,1685,14,6,7,14,181,realestate
1686,1686,14,22,5,1,199,education
1687,1687,11,6,0,14,131,software
1688,1688,16,19,1,25,158,education
1689,1689,5,22,7,2,135,retail
1690,1690,10,26,6,20,126,pharmaceutical
1691,1691,0,12,8,22,123,retail
1692,1692,14,24,0,26,190,education
1693,1693,18,4,9,9,78,realestate
1694,1694,5,6,7,13,94,education
1695,1695,10,0,1,1,151,realestate
1696,1696,14,9,0,19,180,education
1697,1697,15,13,1,5,200,software
1698,1698,16,10,9,1,162,pharmaceutical
1699,1699,2,7,6,14,201,retail
1700,1700,2,19,0,3,206,retail
1701,1701,18,8,0,12,63,software
1702,1702,15,5,0,25,219,education
1703,1703,4,5,1,25,140,software
1704,1704,14,10,7,17,195,education
1705,1705,13,14,5,29,86,retail
1706,1706,18,9,6,21,64,software
1707,1707,12,13,2,6,90,realestate
1708,1708,9,18,5,24,77,pharmaceutical
1709,1709,19,14,3,15,106,financial
1710,1710,12,18,1,6,80,pharmaceutical
1711,1711,12,1,9,4,103,financial
1712,1712,15,6,0,2,192,financial
1713,1713,5,4,9,22,94,realestate
1714,1714,18,15,6,23,89,education
1715,1715,11,4,8,4,118,pharmaceutical
1716,1716,7,25,2,12,142,pharmaceutical
1717,1717,16,20,7,7,158,realestate
1718,1718,9,27,3,24,61,education
1719,1719,0,14,7,2,119,retail
1720,1720,3,24,8,3,171,financial
1721,1721,11,14,5,29,106,education
1722,1722,13,24,4,25,105,financial
1723,1723,17,20,3,2,187,realestate
1724,1724,17,8,1,11,191,education
1725,1725,0,20,5,24,122,software
1726,1726,11,4,6,6,117,pharmaceutical
1727,1727,19,25,3,16,72,financial
1728,1728,15,1,9,29,207,education
1729,1729,5,5,2,14,106,retail
1730,1730,17,14,7,25,191,pharmaceutical
1731,1731,18,2,4,27,68,retail
1732,1732,10,17,0,5,147,financial
1733,1733,9,21,0,27,64,retail
1734,1734,17,26,7,6,187,software
1735,1735,11,20,1,3,100,software
1736,1736,0,17,6,14,123,retail
1737,1737,10,28,1,27,108,financial
1738,1738,12,15,3,11,90,software
1739,1739,9,2,5,16,63,retail
1740,1740,8,27,1,25,152,realestate
1741,1741,5,15,8,28,98,pharmaceutical
1742,1742,1,15,0,27,224,software
1743,1743,9,3,3,1,96,realestate
1744,1744,18,16,5,28,71,software
1745,1745,12,17,7,16,94,financial
1746,1746,7,8,9,20,159,pharmaceutical
1747,1747,14,6,6,2,183,pharmaceutical
1748,1748,16,23,1,12,151,education
1749,1749,0,9,9,21,122,realestate
1750,1750,15,11,7,26,196,education
1751,1751,9,14,8,21,105,education
1752,1752,17,19,0,0,187,software
1753,1753,15,6,2,18,195,retail
1754,1754,15,25,8,29,185,software
1755,1755,7,28,8,13,152,pharmaceutical
1756,1756,9,19,6,20,68,software
1757,1757,14,7,2,7,196,software
1758,1758,8,11,3,18,133,realestate
1759,1759,17,2,8,15,189,realestate
1760,1760,14,16,0,18,190,software
1761,1761,17,13,7,14,185,software
1762,1762,10,27,2,11,154,pharmaceutical
1763,1763,5,29,2,26,126,financial
1764,1764,14,19,3,29,184,retail
1765,1765,0,28,1,26,122,software
1766,1766,16,1,4,24,147,financial
1767,1767,18,1,8,5,84,retail
1768,1768,2,20,4,12,218,pharmaceutical
1769,1769,5,25,9,10,107,retail
1770,1770,2,26,2,11,204,education
1771,1771,9,20,7,2,85,retail
1772,1772,7,8,3,21,167,retail
1773,1773,12,24,0,19,109,software
1774,1774,4,27,0,25,172,retail
1775,1775,12,8,2,10,81,financial
1776,1776,3,27,0,23,212,realestate
1777,1777,6,9,6,20,48,education
1778,1778,17,6,8,21,197,retail
1779,1779,17,3,7,29,198,financial
1780,1780,15,22,7,10,200,pharmaceutical
1781,1781,6,20,7,24,51,pharmaceutical
1782,1782,11,2,4,1,120,software
1783,1783,4,4,1,19,168,software
1784,1784,0,10,3,22,119,financial
1785,1785,16,26,1,19,160,realestate
1786,1786,15,21,6,17,199,financial
1787,1787,15,5,0,5,214,education
1788,1788,4,22,1,19,180,retail
1789,1789,8,9,1,5,135,pharmaceutical
1790,1790,13,2,8,29,105,realestate
1791,1791,14,21,9,17,192,education
1792,1792,16,21,7,4,161,pharmaceutical
1793,1793,11,14,9,12,113,education
1794,1794,3,3,8,8,204,software
1795,1795,6,19,7,12,52,financial
1796,1796,9,4,0,14,80,education
1797,1797,7,17,9,5,149,education
1798,1798,11,25,2,21,135,retail
1799,1799,18,11,2,3,51,education
1800,1800,15,3,2,21,196,realestate
1801,1801,8,1,2,23,157,retail
1802,1802,10,24,6,3,138,pharmaceutical
1803,1803,9,28,1,21,81,financial
1804,1804,14,29,7,27,183,financial
1805,1805,9,9,6,16,74,realestate
1806,1806,11,12,1,23,115,pharmaceutical
1807,1807,9,15,2,27,82,financial
1808,1808,8,25,9,5,119,education
1809,1809,13,10,7,3,140,financial
1810,1810,6,21,1,25,85,software
1811,1811,1,7,0,19,235,retail
1812,1812,7,27,9,29,131,software
1813,1813,16,2,3,29,162,realestate
1814,1814,14,10,9,6,190,pharmaceutical
1815,1815,10,14,0,8,125,financial
1816,1816,13,28,4,7,123,retail
1817,1817,17,7,4,20,195,pharmaceutical
1818,1818,3,25,3,6,188,pharmaceutical
1819,1819,15,11,4,7,214,retail
1820,1820,1,13,5,1,175,education
1821,1821,9,10,0,4,45,education
1822,1822,16,9,8,0,154,financial
1823,1823,11,24,6,11,122,pharmaceutical
1824,1824,5,14,8,3,130,pharmaceutical
1825,1825,3,25,3,18,176,pharmaceutical
1826,1826,0,15,1,8,123,realestate
1827,1827,9,4,8,7,105,realestate
1828,1828,6,6,2,2,58,retail
1829,1829,3,0,1,11,217,software
1830,1830,14,1,6,27,195,financial
1831,1831,7,6,9,18,134,financial
1832,1832,5,23,2,14,112,software
1833,1833,10,8,1,14,147,retail
1834,1834,18,18,1,17,58,software
1835,1835,8,13,2,25,153,realestate
1836,1836,1,23,1,17,216,realestate
1837,1837,3,18,9,12,183,education
1838,1838,8,13,5,20,112,financial
1839,1839,19,10,9,27,85,software
1840,1840,9,3,9,8,73,education
1841,1841,3,21,0,16,197,financial
1842,1842,4,1,4,2,163,retail
1843,1843,9,21,8,13,51,pharmaceutical
1844,1844,4,24,5,22,138,retail
1845,1845,19,9,8,19,107,realestate
1846,1846,19,21,6,7,74,pharmaceutical
1847,1847,19,11,7,5,72,realestate
1848,1848,7,19,1,19,150,retail
1849,1849,8,14,8,5,157,realestate
1850,1850,5,5,7,8,138,financial
1851,1851,9,5,2,27,46,realestate
1852,1852,16,11,0,17,160,realestate
1853,1853,9,4,5,12,68,retail
1854,1854,0,0,8,5,123,pharmaceutical
1855,1855,11,26,2,22,124,software
1856,1856,17,16,8,1,185,software
1857,1857,17,4,1,1,192,financial
1858,1858,13,17,8,0,88,financial
1859,1859,11,13,3,8,91,retail
1860,1860,4,4,4,4,194,realestate
1861,1861,12,22,5,26,100,software
1862,1862,2,6,2,9,199,realestate
1863,1863,5,12,7,18,111,education
1864,1864,9,17,7,21,52,pharmaceutical
1865,1865,18,5,6,6,65,realestate
1866,1866,8,20,3,13,151,pharmaceutical
1867,1867,18,16,3,14,56,software
1868,1868,13,10,8,8,117,retail
1869,1869,19,14,7,15,88,financial
1870,1870,7,13,4,2,166,software
1871,1871,7,17,9,13,123,financial
1872,1872,16,7,2,29,155,software
1873,1873,2,3,1,23,203,realestate
1874,1874,4,19,0,29,155,retail
1875,1875,5,14,9,15,138,financial
1876,1876,18,18,4,5,64,education
1877,1877,18,8,0,9,68,financial
1878,1878,15,27,4,17,178,retail
1879,1879,15,18,0,22,209,education
1880,1880,3,12,6,2,198,financial
1881,1881,12,20,4,8,110,realestate
1882,1882,14,21,0,20,180,education
1883,1883,1,6,6,27,186,financial
1884,1884,9,16,6,23,84,retail
1885,1885,1,21,6,29,177,pharmaceutical
1886,1886,18,22,4,26,91,software
1887,1887,12,7,3,27,110,education
1888,1888,19,15,3,9,73,software
1889,1889,5,14,5,0,133,pharmaceutical
1890,1890,6,12,1,0,86,pharmaceutical
1891,1891,14,21,5,21,187,retail
1892,1892,4,2,1,29,156,retail
1893,1893,17,29,5,14,198,software
1894,1894,14,27,0,6,182,realestate
1895,1895,19,27,6,15,97,realestate
1896,1896,2,12,7,12,208,education
1897,1897,2,6,1,6,199,software
1898,1898,18,22,4,22,85,pharmaceutical
1899,1899,8,5,3,17,119,software
1900,1900,16,12,8,1,149,financial
1901,1901,4,17,4,16,190,education
1902,1902,15,24,4,26,201,software
1903,1903,9,10,1,6,65,retail
1904,1904,3,11,4,25,190,software
1905,1905,17,28,7,3,194,retail
1906,1906,14,11,0,16,182,pharmaceutical
1907,1907,13,2,9,19,101,education
1908,1908,9,11,4,5,94,financial
1909,1909,3,23,3,18,200,realestate
1910,1910,8,28,4,7,119,retail
1911,1911,1,19,1,14,190,pharmaceutical
1912,1912,1,6,3,5,230,realestate
1913,1913,17,4,2,12,193,retail
1914,1914,15,18,7,12,192,education
1915,1915,5,7,5,5,107,pharmaceutical
1916,1916,8,24,8,5,146,retail
1917,1917,17,22,1,23,188,realestate
1918,1918,8,18,5,0,203,education
1919,1919,0,15,1,10,122,financial
1920,1920,4,4,1,20,131,realestate
1921,1921,7,5,9,7,144,software
1922,1922,18,19,5,26,71,financial
1923,1923,0,27,6,8,119,financial
1924,1924,11,20,9,21,140,pharmaceutical
1925,1925,10,15,4,9,155,software
1926,1926,19,5,6,1,99,pharmaceutical
1927,1927,19,22,0,28,85,financial
1928,1928,18,20,2,6,53,retail
1929,1929,5,2,3,29,132,software
1930,1930,9,9,9,22,58,financial
1931,1931,13,11,0,15,92,financial
1932,1932,0,5,8,22,121,pharmaceutical
1933,1933,11,20,1,5,125,pharmaceutical
1934,1934,0,3,7,18,122,retail
1935,1935,12,11,7,29,85,realestate
1936,1936,10,29,9,28,116,pharmaceutical
1937,1937,15,3,7,19,184,pharmaceutical
1938,1938,14,21,1,1,182,retail
1939,1939,18,7,1,8,71,pharmaceutical
1940,1940,2,20,9,26,203,pharmaceutical
1941,1941,2,0,1,21,199,financial
1942,1942,9,19,2,26,67,education
1943,1943,18,15,2,19,56,pharmaceutical
1944,1944,13,4,4,24,142,pharmaceutical
1945,1945,2,6,0,21,213,realestate
1946,1946,18,10,2,17,63,education
1947,1947,11,0,7,14,95,realestate
1948,1948,6,23,3,0,48,pharmaceutical
1949,1949,0,13,6,15,123,software
1950,1950,14,5,6,13,198,education
1951,1951,16,5,2,20,153,financial
1952,1952,7,19,4,4,122,retail
1953,1953,12,11,3,21,99,realestate
1954,1954,19,14,8,6,115,retail
1955,1955,17,7,1,22,202,education
1956,1956,14,28,1,8,193,software
1957,1957,4,0,5,23,154,pharmaceutical
1958,1958,11,2,6,24,110,education
1959,1959,3,15,5,21,183,software
1960,1960,10,28,5,7,151,realestate
1961,1961,19,4,1,9,83,pharmaceutical
1962,1962,13,0,6,4,98,realestate
1963,1963,1,25,9,12,199,financial
1964,1964,4,5,6,3,175,pharmaceutical
1965,1965,3,9,3,22,182,education
1966,1966,11,25,1,11,107,software
1967,1967,2,21,6,0,204,financial
1968,1968,15,13,9,10,181,software
1969,1969,10,4,3,1,114,pharmaceutical
1970,1970,12,0,0,4,81,realestate
1971,1971,19,24,8,9,85,education
1972,1972,16,18,8,2,155,pharmaceutical
1973,1973,16,11,2,1,155,software
1974,1974,11,8,1,9,119,retail
1975,1975,2,11,5,5,199,realestate
1976,1976,6,7,0,1,51,financial
1977,1977,13,19,5,19,114,financial
1978,1978,8,4,7,27,130,realestate
1979,1979,11,8,6,18,133,pharmaceutical
1980,1980,17,19,1,25,185,retail
1981,1981,7,16,4,6,122,education
1982,1982,3,15,9,25,170,financial
1983,1983,16,17,5,22,155,retail
1984,1984,17,1,6,27,196,software
1985,1985,18,6,7,21,64,pharmaceutical
1986,1986,7,1,0,27,134,realestate
1987,1987,11,16,0,0,137,software
1988,1988,12,2,2,5,103,education
1989,1989,7,22,6,2,119,retail
1990,1990,13,8,0,24,89,pharmaceutical
1991,1991,0,26,2,19,123,retail
1992,1992,1,21,8,3,192,pharmaceutical
1993,1993,0,26,9,6,119,realestate
1994,1994,14,5,5,7,178,realestate
1995,1995,4,13,0,7,167,financial
1996,1996,4,20,3,9,141,education
1997,1997,9,4,0,23,49,financial
1998,1998,15,4,2,25,196,retail
1999,1999,9,21,8,24,46,pharmaceutical
